condition,n,task_success_rate,mean_run_latency_s,median_run_latency_s,traces_captured
stock,10,0.2,104.98618710041046,64.10672569274902,0
human,10,0.1,385.51854293346406,176.0398861169815,1
