{
  "n": 140,
  "a": 0.33747185735337215,
  "b": 0.728520833000251,
  "r2": 0.429936701140493,
  "id_min": 0.45943161863729726,
  "id_max": 6.878561872550025
}