{
  "n": 105,
  "a": 0.047570969385337725,
  "b": 0.13962853387062837,
  "r2": 0.9505943097366001,
  "id_min": 0.45943161863729726,
  "id_max": 6.878561872550025
}